{
   "dashboards": [{
      "autoswitchEnabled": false,
      "columnCount": 1,
      "columnProportion": "1-1",
      "creationTime": 1597953969082,
      "dashboardNavigations": {},
      "description": "",
      "disabled": false,
      "gridsterMaxColumns": 12,
      "hidden": false,
      "homeTab": false,
      "id": "ddbad00d-b6fd-477e-b2e2-848aca7294a4",
      "importAttempts": 0,
      "importComplete": true,
      "lastUpdateTime": 1598300815994,
      "lastUpdateUserId": "dab6e838-4b66-4731-a009-2868f9cca4db",
      "locked": false,
      "name": "MHCLABS - VM Distribution Overview",
      "rank": 0,
      "shared": false,
      "states": [],
      "temporary": false,
      "userId": "dab6e838-4b66-4731-a009-2868f9cca4db",
      "widgetInteractions": [],
      "widgets": [
         {
            "collapsed": false,
            "config": {
               "chartViewItems": [
                  "legend",
                  "labels",
                  "title"
               ],
               "isUpdatedView": true,
               "refreshContent": {"refreshContent": true},
               "refreshInterval": 300,
               "resource": {
                  "id": "Ext.vcops.chrome.model.Resource-3",
                  "resourceId": "resource:id:0_::_",
                  "resourceKindId": "002006VMWAREvSphere World",
                  "resourceName": "vSphere World",
                  "traversalSpecId": ""
               },
               "selectFirstRow": {"selectFirstRow": false},
               "selfProvider": {"selfProvider": true},
               "title": "VMs by Server Role",
               "traversalSpecId": null,
               "viewDefinitionId": "e763a5b4-2c46-4b96-ae0a-184f75c460d9"
            },
            "gridsterCoords": {
               "h": 7,
               "w": 6,
               "x": 1,
               "y": 1
            },
            "height": 381,
            "id": "ba75bfec-3487-409a-a5f2-7e03e14bb59c",
            "title": "VMs by Server Role",
            "type": "View"
         },
         {
            "collapsed": false,
            "config": {
               "chartViewItems": [
                  "legend",
                  "labels",
                  "title"
               ],
               "isUpdatedView": true,
               "refreshContent": {"refreshContent": true},
               "refreshInterval": 300,
               "resource": {
                  "id": "Ext.vcops.chrome.model.Resource-4",
                  "resourceId": "resource:id:0_::_",
                  "resourceKindId": "002006VMWAREvSphere World",
                  "resourceName": "vSphere World",
                  "traversalSpecId": ""
               },
               "selectFirstRow": {"selectFirstRow": false},
               "selfProvider": {"selfProvider": true},
               "title": "VMs by Server Owner",
               "traversalSpecId": null,
               "viewDefinitionId": "c796896c-adf9-4f3d-9ee9-52c6f5c1ec45"
            },
            "gridsterCoords": {
               "h": 7,
               "w": 5,
               "x": 7,
               "y": 1
            },
            "height": 381,
            "id": "450bf9fd-2cb6-4742-9fe6-abf406201da6",
            "title": "VMs by Server Owner",
            "type": "View"
         },
         {
            "collapsed": false,
            "config": {
               "chartViewItems": [
                  "legend",
                  "labels",
                  "title"
               ],
               "isUpdatedView": true,
               "refreshContent": {"refreshContent": true},
               "refreshInterval": 300,
               "resource": {
                  "id": "Ext.vcops.chrome.model.Resource-5",
                  "resourceId": "resource:id:0_::_",
                  "resourceKindId": "002006VMWAREvSphere World",
                  "resourceName": "vSphere World",
                  "traversalSpecId": ""
               },
               "selectFirstRow": {"selectFirstRow": false},
               "selfProvider": {"selfProvider": true},
               "title": "VMs by Department",
               "traversalSpecId": null,
               "viewDefinitionId": "0cc9364a-5c27-47e5-b195-bf6fdbce395c"
            },
            "gridsterCoords": {
               "h": 7,
               "w": 6,
               "x": 1,
               "y": 8
            },
            "height": 381,
            "id": "73475b1a-23ee-4679-8d4e-c4be42d11f50",
            "title": "VMs by Department",
            "type": "View"
         }
      ]
   }],
   "entries": {"resource": [{
      "adapterKindKey": "VMWARE",
      "identifiers": [],
      "internalId": "resource:id:0_::_",
      "name": "vSphere World",
      "resourceKindKey": "vSphere World"
   }]},
   "uuid": "af738e53-162b-47b1-831e-65c2b7c455fd"
}